{
  "simulation_type": "discrete_event",
  "simulation_duration": 365.0,
  "final_time": 294.8806519748576,
  "statistics": {
    "cases_filed": 50,
    "cases_closed": 50,
    "hearings_conducted": 70,
    "evidence_submitted": 635,
    "rulings_issued": 70,
    "total_events": 410
  },
  "case_metrics": {
    "total_cases": 50,
    "closed_cases": 50,
    "average_duration": 99.28812088359929,
    "average_evidence_items": 12.7,
    "closure_rate": 100.0
  },
  "stage_distribution": {
    "filed": {
      "count": 0,
      "percentage": 0.0
    },
    "discovery": {
      "count": 0,
      "percentage": 0.0
    },
    "pre_trial": {
      "count": 0,
      "percentage": 0.0
    },
    "trial": {
      "count": 0,
      "percentage": 0.0
    },
    "ruling": {
      "count": 0,
      "percentage": 0.0
    },
    "appeal": {
      "count": 0,
      "percentage": 0.0
    },
    "closed": {
      "count": 50,
      "percentage": 100.0
    }
  },
  "sample_cases": [
    {
      "case_id": "CASE-00018",
      "case_number": "(GP) 10018/2025",
      "status": "closed",
      "evidence_count": 7,
      "stage_durations": {
        "filed": 40.887762967334055,
        "discovery": 18.61352025112582,
        "pre_trial": 13.417424949157692,
        "trial": 13.477400065534596,
        "ruling": 4.646567799614957
      }
    },
    {
      "case_id": "CASE-00023",
      "case_number": "(GP) 10023/2025",
      "status": "closed",
      "evidence_count": 18,
      "stage_durations": {
        "filed": 38.044487457932696,
        "discovery": 24.33020774182056,
        "pre_trial": 10.327009377654178,
        "trial": 13.223291532834622,
        "ruling": 4.6993034170590136,
        "appeal": 41.55518250448429
      }
    },
    {
      "case_id": "CASE-00021",
      "case_number": "(GP) 10021/2025",
      "status": "closed",
      "evidence_count": 10,
      "stage_durations": {
        "filed": 39.17269920243304,
        "discovery": 24.1353803105335,
        "pre_trial": 18.039448597826812,
        "trial": 5.097625070810295,
        "ruling": 3.7467937547422423,
        "appeal": 50.97643741265277
      }
    },
    {
      "case_id": "CASE-00012",
      "case_number": "(GP) 10012/2025",
      "status": "closed",
      "evidence_count": 18,
      "stage_durations": {
        "filed": 32.933019146203414,
        "discovery": 25.80482935211539,
        "pre_trial": 15.461215403789097,
        "trial": 6.728587581154301,
        "ruling": 2.487833280560764
      }
    },
    {
      "case_id": "CASE-00030",
      "case_number": "(GP) 10030/2025",
      "status": "closed",
      "evidence_count": 7,
      "stage_durations": {
        "filed": 35.34139908001448,
        "discovery": 20.590221128803883,
        "pre_trial": 11.430924067604806,
        "trial": 5.952887522811039,
        "ruling": 3.4490927711910047
      }
    }
  ]
}