{
  "simulation_type": "system_dynamics",
  "duration": 365.0,
  "time_step": 1.0,
  "final_stocks": {
    "filed_cases": 30.181930796908738,
    "discovery_cases": 60.03402607589882,
    "pretrial_cases": 39.93064154926366,
    "trial_cases": 19.909633657324708,
    "ruling_cases": 10.460648141615826,
    "closed_cases": 682.5309659940416
  },
  "average_stocks": {
    "filed_cases": 30.732706726964725,
    "discovery_cases": 59.00270684793251,
    "pretrial_cases": 38.2457803207894,
    "trial_cases": 18.851982991841275,
    "ruling_cases": 9.84352155796591,
    "closed_cases": 323.4108031524846
  },
  "metrics": {
    "total_cases_filed": 728.0478462150537,
    "total_cases_closed": 682.5309659940416,
    "average_cycle_time_days": 83.78666724566527,
    "system_efficiency_percent": 93.74809218135272,
    "average_work_in_progress": 156.6766984454938
  },
  "stock_histories": {
    "filed_cases": [
      29.76579691274677,
      29.96342101261945,
      29.593765209521845,
      29.4961131877714,
      29.745836303524428,
      29.654163303013075,
      29.495895545398735,
      29.842450452400442,
      30.072890879846717,
      30.181930796908738
    ],
    "discovery_cases": [
      60.23150166209111,
      60.208171400871194,
      60.19879375501679,
      60.16508497715102,
      60.12598969043074,
      60.10484578765134,
      60.078295148263834,
      60.04207834634829,
      60.03017243163004,
      60.03402607589882
    ],
    "pretrial_cases": [
      39.84202543063244,
      39.857640881170525,
      39.871697883807705,
      39.88473944811788,
      39.896005308283684,
      39.90540469921719,
      39.91362932384471,
      39.92055769592793,
      39.92593242267648,
      39.93064154926366
    ],
    "trial_cases": [
      19.847417458377606,
      19.854776984071467,
      19.862181329722848,
      19.86954809094095,
      19.87683025425275,
      19.883947494241657,
      19.89082297977835,
      19.89742214799275,
      19.903707817989872,
      19.909633657324708
    ],
    "ruling_cases": [
      10.429667735142143,
      10.432772611302896,
      10.436023513562493,
      10.439397178957904,
      10.442866524049997,
      10.446404909905773,
      10.449982726447843,
      10.453568306400587,
      10.45713254298375,
      10.460648141615826
    ],
    "closed_cases": [
      664.6732809447785,
      666.6549178144555,
      668.6371446106031,
      670.61998907818,
      672.603474542182,
      674.5876191817515,
      676.5724361146335,
      678.5579328326586,
      680.5441108108747,
      682.5309659940416
    ]
  },
  "flow_histories": {
    "case_filing": [
      1.638426267392712,
      2.1820105607224662,
      1.6279055977436911,
      1.875265658884343,
      2.2161306616044536,
      1.8913827530569431,
      1.8186764625865308,
      2.3129479433616242,
      2.2199371242729726,
      2.113899309051801
    ],
    "to_discovery": [
      2.0090979032395757,
      1.9843864608497845,
      1.9975614008412965,
      1.9729176806347897,
      1.9664075458514267,
      1.983055753568295,
      1.9769442202008716,
      1.9663930363599156,
      1.989496696826696,
      2.0048593919897812
    ],
    "to_pretrial": [
      2.0076690951328113,
      2.007716722069704,
      2.0069390466957064,
      2.0066264585005595,
      2.005502832571701,
      2.0041996563476916,
      2.003494859588378,
      2.002609838275461,
      2.001402611544943,
      2.0010057477210013
    ],
    "to_trial": [
      1.9912819123947174,
      1.992101271531622,
      1.9928820440585262,
      1.9935848941903853,
      1.994236972405894,
      1.994800265414184,
      1.9952702349608598,
      1.9956814661922355,
      1.9960278847963966,
      1.996296621133824
    ],
    "to_ruling": [
      1.9840150606647655,
      1.9847417458377605,
      1.9854776984071467,
      1.9862181329722848,
      1.986954809094095,
      1.9876830254252749,
      1.9883947494241656,
      1.9890822979778349,
      1.989742214799275,
      1.9903707817989873
    ],
    "to_closure": [
      1.9810790224082733,
      1.981636869677007,
      1.9822267961475502,
      1.9828444675768737,
      1.9834854640020014,
      1.9841446395694993,
      1.9848169328820968,
      1.9854967180250898,
      1.9861779782161113,
      1.9868551831669123
    ]
  }
}