{
  "simulation_type": "system_dynamics",
  "duration": 365.0,
  "time_step": 1.0,
  "final_stocks": {
    "filed_cases": 30.18580150863624,
    "discovery_cases": 60.287731037614904,
    "pretrial_cases": 40.441258199549125,
    "trial_cases": 20.259061670752736,
    "ruling_cases": 10.667388544762055,
    "closed_cases": 680.7713289821567
  },
  "average_stocks": {
    "filed_cases": 30.714719475494995,
    "discovery_cases": 58.94660888785308,
    "pretrial_cases": 38.18141213702999,
    "trial_cases": 18.810508844098194,
    "ruling_cases": 9.818782467725933,
    "closed_cases": 320.26869706287323
  },
  "metrics": {
    "total_cases_filed": 727.6125699434716,
    "total_cases_closed": 680.7713289821567,
    "average_cycle_time_days": 83.89350311924012,
    "system_efficiency_percent": 93.56233758235457,
    "average_work_in_progress": 156.4720318122022
  },
  "stock_histories": {
    "filed_cases": [
      29.578560728219635,
      29.617941275533088,
      29.440037643321386,
      29.421824844658417,
      29.60406306687428,
      29.78379188718133,
      29.979028263607944,
      30.158797543600215,
      30.14187578806859,
      30.18580150863624
    ],
    "discovery_cases": [
      60.556171913984976,
      60.50953689873345,
      60.46708175381121,
      60.41418153823893,
      60.36183047660819,
      60.32337366517954,
      60.29818066881897,
      60.286843197432205,
      60.28786826042448,
      60.287731037614904
    ],
    "pretrial_cases": [
      40.55256773869973,
      40.543478415564245,
      40.533289058077145,
      40.522193996967,
      40.50989034839328,
      40.49645684686055,
      40.482413126690176,
      40.46823182598297,
      40.454381674598224,
      40.441258199549125
    ],
    "trial_cases": [
      20.274722696420515,
      20.27487881371345,
      20.274564853120317,
      20.273772820712143,
      20.272505238489277,
      20.270749232060012,
      20.26849715119704,
      20.265768092411843,
      20.262602874469806,
      20.259061670752736
    ],
    "ruling_cases": [
      10.665365196285764,
      10.66641807863352,
      10.667286525064496,
      10.667958570614273,
      10.668423724268775,
      10.668673740506636,
      10.668700653016376,
      10.66849724406297,
      10.66805957693219,
      10.667388544762055
    ],
    "closed_cases": [
      662.5295461533735,
      664.5559655406678,
      666.5825849756081,
      668.6093694153705,
      670.6362815437872,
      672.6632820513983,
      674.6903300620945,
      676.7173831861676,
      678.7443976625395,
      680.7713289821567
    ]
  },
  "flow_histories": {
    "case_filing": [
      2.033414284058735,
      2.0112845958614276,
      1.7966257861571706,
      1.9444563775584571,
      2.1436932118597567,
      2.1533330247653355,
      2.1808225022387013,
      2.178371164232802,
      1.9936647473750542,
      2.0533841064388905
    ],
    "to_discovery": [
      1.967510460297207,
      1.9719040485479757,
      1.9745294183688726,
      1.9626691762214257,
      1.9614549896438944,
      1.9736042044582853,
      1.9855861258120886,
      1.9986018842405295,
      2.010586502906681,
      2.0094583858712394
    ],
    "to_pretrial": [
      2.02029867081682,
      2.018539063799499,
      2.016984563291115,
      2.015569391793707,
      2.013806051274631,
      2.01206101588694,
      2.0107791221726514,
      2.009939355627299,
      2.009561439914407,
      2.009595608680816
    ],
    "to_trial": [
      2.028014161467522,
      2.0276283869349863,
      2.0271739207782122,
      2.0266644529038573,
      2.02610969984835,
      2.0254945174196637,
      2.0248228423430277,
      2.024120656334509,
      2.0234115912991486,
      2.0227190837299114
    ],
    "to_ruling": [
      2.0274120594392215,
      2.0274722696420513,
      2.027487881371345,
      2.027456485312032,
      2.0273772820712144,
      2.027250523848928,
      2.0270749232060012,
      2.026849715119704,
      2.026576809241184,
      2.0262602874469806
    ],
    "to_closure": [
      2.0261865382726456,
      2.026419387294295,
      2.026619434940369,
      2.0267844397622543,
      2.0269121284167118,
      2.0270005076110675,
      2.0270480106962605,
      2.0270531240731113,
      2.027014476371964,
      2.0269313196171157
    ]
  }
}